split,rows,regime_mean
train,1571,0.24061107574793125
val,336,0.27380952380952384
test,338,0.3343195266272189
