split,rows,regime_mean
train,20986,0.3473744401029258
val,4497,0.3068712474983322
test,4497,0.28418945963975983
